Workbook

Sheet Hoja1
B2: Estados finales | D2: a | E2: b | F2: c | G2: m | H2: n | I2: o | J2: p | K2: q | L2: z | M2: x | N2: y | O2: j | P2: k
C3: 0 | D3: -1 | E3: -1 | F3: -1 | G3: -1 | H3: -1 | I3: -1 | J3: -1 | K3: -1 | L3: -1 | M3: -1 | N3: -1 | O3: -1 | P3: -1
C4: 1 | D4: -1 | E4: -1 | F4: -1 | G4: -1 | H4: -1 | I4: -1 | J4: -1 | K4: -1 | L4: -1 | M4: -1 | N4: -1 | O4: -1 | P4: -1
C5: 2 | D5: -1 | E5: -1 | F5: -1 | G5: -1 | H5: -1 | I5: -1 | J5: -1 | K5: -1 | L5: -1 | M5: -1 | N5: -1 | O5: -1 | P5: -1
C6: 3 | D6: -1 | E6: -1 | F6: -1 | G6: -1 | H6: -1 | I6: -1 | J6: -1 | K6: -1 | L6: -1 | M6: -1 | N6: -1 | O6: -1 | P6: -1
C7: 4 | D7: -1 | E7: -1 | F7: -1 | G7: -1 | H7: -1 | I7: -1 | J7: -1 | K7: -1 | L7: -1 | M7: -1 | N7: -1 | O7: -1 | P7: -1
C8: 5 | D8: -1 | E8: -1 | F8: -1 | G8: -1 | H8: -1 | I8: -1 | J8: -1 | K8: -1 | L8: -1 | M8: -1 | N8: -1 | O8: -1 | P8: -1
C9: 6 | D9: -1 | E9: -1 | F9: -1 | G9: -1 | H9: -1 | I9: -1 | J9: -1 | K9: -1 | L9: -1 | M9: -1 | N9: -1 | O9: -1 | P9: -1
C10: 7 | D10: -1 | E10: -1 | F10: -1 | G10: -1 | H10: -1 | I10: -1 | J10: -1 | K10: -1 | L10: -1 | M10: -1 | N10: -1 | O10: -1 | P10: -1
C11: 8 | D11: -1 | E11: -1 | F11: -1 | G11: -1 | H11: -1 | I11: -1 | J11: -1 | K11: -1 | L11: -1 | M11: -1 | N11: -1 | O11: -1 | P11: -1
C12: 9 | D12: -1 | E12: -1 | F12: -1 | G12: -1 | H12: -1 | I12: -1 | J12: -1 | K12: -1 | L12: -1 | M12: -1 | N12: -1 | O12: -1 | P12: -1
C13: 10 | D13: -1 | E13: -1 | F13: -1 | G13: -1 | H13: -1 | I13: -1 | J13: -1 | K13: -1 | L13: -1 | M13: -1 | N13: -1 | O13: -1 | P13: -1
C14: 11 | D14: -1 | E14: -1 | F14: -1 | G14: -1 | H14: -1 | I14: -1 | J14: -1 | K14: -1 | L14: -1 | M14: -1 | N14: -1 | O14: -1 | P14: -1
... C23: 20 | D23: -1 | E23: -1 | F23: -1 | G23: -1 | H23: -1 | I23: -1 | J23: -1 | K23: -1 | L23: -1 | M23: -1 | N23: -1 | O23: -1 | P23: -1

Sheet Hoja2
D1: Añadir alfabeto
D2: =CONCATENATE("this.alfabeto.add(","'",Hoja1!D2,"'",");") -> this.alfabeto.add('a'); | E2: =CONCATENATE("this.alfabeto.add(","'",Hoja1!E2,"'",");") -> this.alfabeto.add('b'); | F2: =CONCATENATE("this.alfabeto.add(","'",Hoja1!F2,"'",");") -> this.alfabeto.add('c'); | G2: =CONCATENATE("this.alfabeto.add(","'",Hoja1!G2,"'",");") -> this.alfabeto.add('m'); | H2: =CONCATENATE("this.alfabeto.add(","'",Hoja1!H2,"'",");") -> this.alfabeto.add('n'); | I2: =CONCATENATE("this.alfabeto.add(","'",Hoja1!I2,"'",");") -> this.alfabeto.add('o'); | J2: =CONCATENATE("this.alfabeto.add(","'",Hoja1!J2,"'",");") -> this.alfabeto.add('p'); | K2: =CONCATENATE("this.alfabeto.add(","'",Hoja1!K2,"'",");") -> this.alfabeto.add('q'); | ... P2: =CONCATENATE("this.alfabeto.add(","'",Hoja1!P2,"'",");") -> this.alfabeto.add('k');
A3: - | C3: - | D3: - | E3: - | F3: - | G3: - | H3: - | I3: - | J3: - | K3: - | L3: - | M3: - | N3: - | O3: - | P3: -
C4: N Estados | D4: =MAX(C6,C7,C8,C9,C10,C11,C12,C13,C14,C15,C16,C17,C18,C19,C20,C21,C22,C23,C24,C25,C26,C27)+1 -> 21 | E4: - | F4: - | G4: - | H4: - | I4: - | J4: - | M4: - | N4: - | O4: - | P4: -
A5: Añadir estados | D5: Generar Matriz
A6: =CONCATENATE("this.estadosFinales.add(",Hoja1!B3,");") -> this.estadosFinales.add(); | C6: =Hoja1!C3 -> 0 | D6: =CONCATENATE("this.matriz.get(",Hoja1!C3,").put(","'",Hoja1!$D$2,"',",Hoja1!D3,");") -> this.matriz.get(0).put('a',-1); | E6: =CONCATENATE("this.matriz.get(",Hoja1!C3,").put(","'",Hoja1!$E$2,"',",Hoja1!E3,");") -> this.matriz.get(0).put('b',-1); | F6: =CONCATENATE("this.matriz.get(",Hoja1!C3,").put(","'",Hoja1!$F$2,"',",Hoja1!F3,");") -> this.matriz.get(0).put('c',-1); | G6: =CONCATENATE("this.matriz.get(",Hoja1!C3,").put(","'",Hoja1!$G$2,"',",Hoja1!G3,");") -> this.matriz.get(0).put('m',-1); | H6: =CONCATENATE("this.matriz.get(",Hoja1!C3,").put(","'",Hoja1!$H$2,"',",Hoja1!H3,");") -> this.matriz.get(0).put('n',-1); | I6: =CONCATENATE("this.matriz.get(",Hoja1!C3,").put(","'",Hoja1!$I$2,"',",Hoja1!I3,");") -> this.matriz.get(0).put('o',-1); | J6: =CONCATENATE("this.matriz.get(",Hoja1!C3,").put(","'",Hoja1!$J$2,"',",Hoja1!J3,");") -> this.matriz.get(0).put('p',-1); | K6: =CONCATENATE("this.matriz.get(",Hoja1!C3,").put(","'",Hoja1!$K$2,"',",Hoja1!K3,");") -> this.matriz.get(0).put('q',-1); | L6: =CONCATENATE("this.matriz.get(",Hoja1!C3,").put(","'",Hoja1!$L$2,"',",Hoja1!L3,");") -> this.matriz.get(0).put('z',-1); | M6: =CONCATENATE("this.matriz.get(",Hoja1!C3,").put(","'",Hoja1!$M$2,"',",Hoja1!M3,");") -> this.matriz.get(0).put('x',-1); | N6: =CONCATENATE("this.matriz.get(",Hoja1!D3,").put(","'",Hoja1!$N$2,"',",Hoja1!N3,");") -> this.matriz.get(-1).put('y',-1); | O6: =CONCATENATE("this.matriz.get(",Hoja1!E3,").put(","'",Hoja1!$O$2,"',",Hoja1!O3,");") -> this.matriz.get(-1).put('j',-1); | P6: =CONCATENATE("this.matriz.get(",Hoja1!F3,").put(","'",Hoja1!$P$2,"',",Hoja1!P3,");") -> this.matriz.get(-1).put('k',-1);
A7: =CONCATENATE("this.estadosFinales.add(",Hoja1!B4,");") -> this.estadosFinales.add(); | C7: =Hoja1!C4 -> 1 | D7: =CONCATENATE("this.matriz.get(",Hoja1!C4,").put(","'",Hoja1!$D$2,"',",Hoja1!D4,");") -> this.matriz.get(1).put('a',-1); | E7: =CONCATENATE("this.matriz.get(",Hoja1!C4,").put(","'",Hoja1!$E$2,"',",Hoja1!E4,");") -> this.matriz.get(1).put('b',-1); | F7: =CONCATENATE("this.matriz.get(",Hoja1!C4,").put(","'",Hoja1!$F$2,"',",Hoja1!F4,");") -> this.matriz.get(1).put('c',-1); | G7: =CONCATENATE("this.matriz.get(",Hoja1!C4,").put(","'",Hoja1!$G$2,"',",Hoja1!G4,");") -> this.matriz.get(1).put('m',-1); | H7: =CONCATENATE("this.matriz.get(",Hoja1!C4,").put(","'",Hoja1!$H$2,"',",Hoja1!H4,");") -> this.matriz.get(1).put('n',-1); | I7: =CONCATENATE("this.matriz.get(",Hoja1!C4,").put(","'",Hoja1!$I$2,"',",Hoja1!I4,");") -> this.matriz.get(1).put('o',-1); | J7: =CONCATENATE("this.matriz.get(",Hoja1!C4,").put(","'",Hoja1!$J$2,"',",Hoja1!J4,");") -> this.matriz.get(1).put('p',-1); | K7: =CONCATENATE("this.matriz.get(",Hoja1!C4,").put(","'",Hoja1!$K$2,"',",Hoja1!K4,");") -> this.matriz.get(1).put('q',-1); | L7: =CONCATENATE("this.matriz.get(",Hoja1!C4,").put(","'",Hoja1!$L$2,"',",Hoja1!L4,");") -> this.matriz.get(1).put('z',-1); | M7: =CONCATENATE("this.matriz.get(",Hoja1!C4,").put(","'",Hoja1!$M$2,"',",Hoja1!M4,");") -> this.matriz.get(1).put('x',-1); | N7: =CONCATENATE("this.matriz.get(",Hoja1!D4,").put(","'",Hoja1!$N$2,"',",Hoja1!N4,");") -> this.matriz.get(-1).put('y',-1); | O7: =CONCATENATE("this.matriz.get(",Hoja1!E4,").put(","'",Hoja1!$O$2,"',",Hoja1!O4,");") -> this.matriz.get(-1).put('j',-1); | P7: =CONCATENATE("this.matriz.get(",Hoja1!F4,").put(","'",Hoja1!$P$2,"',",Hoja1!P4,");") -> this.matriz.get(-1).put('k',-1);
A8: =CONCATENATE("this.estadosFinales.add(",Hoja1!B5,");") -> this.estadosFinales.add(); | C8: =Hoja1!C5 -> 2 | D8: =CONCATENATE("this.matriz.get(",Hoja1!C5,").put(","'",Hoja1!$D$2,"',",Hoja1!D5,");") -> this.matriz.get(2).put('a',-1); | E8: =CONCATENATE("this.matriz.get(",Hoja1!C5,").put(","'",Hoja1!$E$2,"',",Hoja1!E5,");") -> this.matriz.get(2).put('b',-1); | F8: =CONCATENATE("this.matriz.get(",Hoja1!C5,").put(","'",Hoja1!$F$2,"',",Hoja1!F5,");") -> this.matriz.get(2).put('c',-1); | G8: =CONCATENATE("this.matriz.get(",Hoja1!C5,").put(","'",Hoja1!$G$2,"',",Hoja1!G5,");") -> this.matriz.get(2).put('m',-1); | H8: =CONCATENATE("this.matriz.get(",Hoja1!C5,").put(","'",Hoja1!$H$2,"',",Hoja1!H5,");") -> this.matriz.get(2).put('n',-1); | I8: =CONCATENATE("this.matriz.get(",Hoja1!C5,").put(","'",Hoja1!$I$2,"',",Hoja1!I5,");") -> this.matriz.get(2).put('o',-1); | J8: =CONCATENATE("this.matriz.get(",Hoja1!C5,").put(","'",Hoja1!$J$2,"',",Hoja1!J5,");") -> this.matriz.get(2).put('p',-1); | K8: =CONCATENATE("this.matriz.get(",Hoja1!C5,").put(","'",Hoja1!$K$2,"',",Hoja1!K5,");") -> this.matriz.get(2).put('q',-1); | L8: =CONCATENATE("this.matriz.get(",Hoja1!C5,").put(","'",Hoja1!$L$2,"',",Hoja1!L5,");") -> this.matriz.get(2).put('z',-1); | M8: =CONCATENATE("this.matriz.get(",Hoja1!C5,").put(","'",Hoja1!$M$2,"',",Hoja1!M5,");") -> this.matriz.get(2).put('x',-1); | N8: =CONCATENATE("this.matriz.get(",Hoja1!D5,").put(","'",Hoja1!$N$2,"',",Hoja1!N5,");") -> this.matriz.get(-1).put('y',-1); | O8: =CONCATENATE("this.matriz.get(",Hoja1!E5,").put(","'",Hoja1!$O$2,"',",Hoja1!O5,");") -> this.matriz.get(-1).put('j',-1); | P8: =CONCATENATE("this.matriz.get(",Hoja1!F5,").put(","'",Hoja1!$P$2,"',",Hoja1!P5,");") -> this.matriz.get(-1).put('k',-1);
A9: =CONCATENATE("this.estadosFinales.add(",Hoja1!B6,");") -> this.estadosFinales.add(); | C9: =Hoja1!C6 -> 3 | D9: =CONCATENATE("this.matriz.get(",Hoja1!C6,").put(","'",Hoja1!$D$2,"',",Hoja1!D6,");") -> this.matriz.get(3).put('a',-1); | E9: =CONCATENATE("this.matriz.get(",Hoja1!C6,").put(","'",Hoja1!$E$2,"',",Hoja1!E6,");") -> this.matriz.get(3).put('b',-1); | F9: =CONCATENATE("this.matriz.get(",Hoja1!C6,").put(","'",Hoja1!$F$2,"',",Hoja1!F6,");") -> this.matriz.get(3).put('c',-1); | G9: =CONCATENATE("this.matriz.get(",Hoja1!C6,").put(","'",Hoja1!$G$2,"',",Hoja1!G6,");") -> this.matriz.get(3).put('m',-1); | H9: =CONCATENATE("this.matriz.get(",Hoja1!C6,").put(","'",Hoja1!$H$2,"',",Hoja1!H6,");") -> this.matriz.get(3).put('n',-1); | I9: =CONCATENATE("this.matriz.get(",Hoja1!C6,").put(","'",Hoja1!$I$2,"',",Hoja1!I6,");") -> this.matriz.get(3).put('o',-1); | J9: =CONCATENATE("this.matriz.get(",Hoja1!C6,").put(","'",Hoja1!$J$2,"',",Hoja1!J6,");") -> this.matriz.get(3).put('p',-1); | K9: =CONCATENATE("this.matriz.get(",Hoja1!C6,").put(","'",Hoja1!$K$2,"',",Hoja1!K6,");") -> this.matriz.get(3).put('q',-1); | L9: =CONCATENATE("this.matriz.get(",Hoja1!C6,").put(","'",Hoja1!$L$2,"',",Hoja1!L6,");") -> this.matriz.get(3).put('z',-1); | M9: =CONCATENATE("this.matriz.get(",Hoja1!C6,").put(","'",Hoja1!$M$2,"',",Hoja1!M6,");") -> this.matriz.get(3).put('x',-1); | N9: =CONCATENATE("this.matriz.get(",Hoja1!D6,").put(","'",Hoja1!$N$2,"',",Hoja1!N6,");") -> this.matriz.get(-1).put('y',-1); | O9: =CONCATENATE("this.matriz.get(",Hoja1!E6,").put(","'",Hoja1!$O$2,"',",Hoja1!O6,");") -> this.matriz.get(-1).put('j',-1); | P9: =CONCATENATE("this.matriz.get(",Hoja1!F6,").put(","'",Hoja1!$P$2,"',",Hoja1!P6,");") -> this.matriz.get(-1).put('k',-1);
A10: =CONCATENATE("this.estadosFinales.add(",Hoja1!B7,");") -> this.estadosFinales.add(); | C10: =Hoja1!C7 -> 4 | D10: =CONCATENATE("this.matriz.get(",Hoja1!C7,").put(","'",Hoja1!$D$2,"',",Hoja1!D7,");") -> this.matriz.get(4).put('a',-1); | E10: =CONCATENATE("this.matriz.get(",Hoja1!C7,").put(","'",Hoja1!$E$2,"',",Hoja1!E7,");") -> this.matriz.get(4).put('b',-1); | F10: =CONCATENATE("this.matriz.get(",Hoja1!C7,").put(","'",Hoja1!$F$2,"',",Hoja1!F7,");") -> this.matriz.get(4).put('c',-1); | G10: =CONCATENATE("this.matriz.get(",Hoja1!C7,").put(","'",Hoja1!$G$2,"',",Hoja1!G7,");") -> this.matriz.get(4).put('m',-1); | H10: =CONCATENATE("this.matriz.get(",Hoja1!C7,").put(","'",Hoja1!$H$2,"',",Hoja1!H7,");") -> this.matriz.get(4).put('n',-1); | I10: =CONCATENATE("this.matriz.get(",Hoja1!C7,").put(","'",Hoja1!$I$2,"',",Hoja1!I7,");") -> this.matriz.get(4).put('o',-1); | J10: =CONCATENATE("this.matriz.get(",Hoja1!C7,").put(","'",Hoja1!$J$2,"',",Hoja1!J7,");") -> this.matriz.get(4).put('p',-1); | K10: =CONCATENATE("this.matriz.get(",Hoja1!C7,").put(","'",Hoja1!$K$2,"',",Hoja1!K7,");") -> this.matriz.get(4).put('q',-1); | L10: =CONCATENATE("this.matriz.get(",Hoja1!C7,").put(","'",Hoja1!$L$2,"',",Hoja1!L7,");") -> this.matriz.get(4).put('z',-1); | M10: =CONCATENATE("this.matriz.get(",Hoja1!C7,").put(","'",Hoja1!$M$2,"',",Hoja1!M7,");") -> this.matriz.get(4).put('x',-1); | N10: =CONCATENATE("this.matriz.get(",Hoja1!D7,").put(","'",Hoja1!$N$2,"',",Hoja1!N7,");") -> this.matriz.get(-1).put('y',-1); | O10: =CONCATENATE("this.matriz.get(",Hoja1!E7,").put(","'",Hoja1!$O$2,"',",Hoja1!O7,");") -> this.matriz.get(-1).put('j',-1); | P10: =CONCATENATE("this.matriz.get(",Hoja1!F7,").put(","'",Hoja1!$P$2,"',",Hoja1!P7,");") -> this.matriz.get(-1).put('k',-1);
A11: =CONCATENATE("this.estadosFinales.add(",Hoja1!B8,");") -> this.estadosFinales.add(); | C11: =Hoja1!C8 -> 5 | D11: =CONCATENATE("this.matriz.get(",Hoja1!C8,").put(","'",Hoja1!$D$2,"',",Hoja1!D8,");") -> this.matriz.get(5).put('a',-1); | E11: =CONCATENATE("this.matriz.get(",Hoja1!C8,").put(","'",Hoja1!$E$2,"',",Hoja1!E8,");") -> this.matriz.get(5).put('b',-1); | F11: =CONCATENATE("this.matriz.get(",Hoja1!C8,").put(","'",Hoja1!$F$2,"',",Hoja1!F8,");") -> this.matriz.get(5).put('c',-1); | G11: =CONCATENATE("this.matriz.get(",Hoja1!C8,").put(","'",Hoja1!$G$2,"',",Hoja1!G8,");") -> this.matriz.get(5).put('m',-1); | H11: =CONCATENATE("this.matriz.get(",Hoja1!C8,").put(","'",Hoja1!$H$2,"',",Hoja1!H8,");") -> this.matriz.get(5).put('n',-1); | I11: =CONCATENATE("this.matriz.get(",Hoja1!C8,").put(","'",Hoja1!$I$2,"',",Hoja1!I8,");") -> this.matriz.get(5).put('o',-1); | J11: =CONCATENATE("this.matriz.get(",Hoja1!C8,").put(","'",Hoja1!$J$2,"',",Hoja1!J8,");") -> this.matriz.get(5).put('p',-1); | K11: =CONCATENATE("this.matriz.get(",Hoja1!C8,").put(","'",Hoja1!$K$2,"',",Hoja1!K8,");") -> this.matriz.get(5).put('q',-1); | L11: =CONCATENATE("this.matriz.get(",Hoja1!C8,").put(","'",Hoja1!$L$2,"',",Hoja1!L8,");") -> this.matriz.get(5).put('z',-1); | M11: =CONCATENATE("this.matriz.get(",Hoja1!C8,").put(","'",Hoja1!$M$2,"',",Hoja1!M8,");") -> this.matriz.get(5).put('x',-1); | N11: =CONCATENATE("this.matriz.get(",Hoja1!D8,").put(","'",Hoja1!$N$2,"',",Hoja1!N8,");") -> this.matriz.get(-1).put('y',-1); | O11: =CONCATENATE("this.matriz.get(",Hoja1!E8,").put(","'",Hoja1!$O$2,"',",Hoja1!O8,");") -> this.matriz.get(-1).put('j',-1); | P11: =CONCATENATE("this.matriz.get(",Hoja1!F8,").put(","'",Hoja1!$P$2,"',",Hoja1!P8,");") -> this.matriz.get(-1).put('k',-1);
A12: =CONCATENATE("this.estadosFinales.add(",Hoja1!B9,");") -> this.estadosFinales.add(); | C12: =Hoja1!C9 -> 6 | D12: =CONCATENATE("this.matriz.get(",Hoja1!C9,").put(","'",Hoja1!$D$2,"',",Hoja1!D9,");") -> this.matriz.get(6).put('a',-1); | E12: =CONCATENATE("this.matriz.get(",Hoja1!C9,").put(","'",Hoja1!$E$2,"',",Hoja1!E9,");") -> this.matriz.get(6).put('b',-1); | F12: =CONCATENATE("this.matriz.get(",Hoja1!C9,").put(","'",Hoja1!$F$2,"',",Hoja1!F9,");") -> this.matriz.get(6).put('c',-1); | G12: =CONCATENATE("this.matriz.get(",Hoja1!C9,").put(","'",Hoja1!$G$2,"',",Hoja1!G9,");") -> this.matriz.get(6).put('m',-1); | H12: =CONCATENATE("this.matriz.get(",Hoja1!C9,").put(","'",Hoja1!$H$2,"',",Hoja1!H9,");") -> this.matriz.get(6).put('n',-1); | I12: =CONCATENATE("this.matriz.get(",Hoja1!C9,").put(","'",Hoja1!$I$2,"',",Hoja1!I9,");") -> this.matriz.get(6).put('o',-1); | J12: =CONCATENATE("this.matriz.get(",Hoja1!C9,").put(","'",Hoja1!$J$2,"',",Hoja1!J9,");") -> this.matriz.get(6).put('p',-1); | K12: =CONCATENATE("this.matriz.get(",Hoja1!C9,").put(","'",Hoja1!$K$2,"',",Hoja1!K9,");") -> this.matriz.get(6).put('q',-1); | L12: =CONCATENATE("this.matriz.get(",Hoja1!C9,").put(","'",Hoja1!$L$2,"',",Hoja1!L9,");") -> this.matriz.get(6).put('z',-1); | M12: =CONCATENATE("this.matriz.get(",Hoja1!C9,").put(","'",Hoja1!$M$2,"',",Hoja1!M9,");") -> this.matriz.get(6).put('x',-1); | N12: =CONCATENATE("this.matriz.get(",Hoja1!D9,").put(","'",Hoja1!$N$2,"',",Hoja1!N9,");") -> this.matriz.get(-1).put('y',-1); | O12: =CONCATENATE("this.matriz.get(",Hoja1!E9,").put(","'",Hoja1!$O$2,"',",Hoja1!O9,");") -> this.matriz.get(-1).put('j',-1); | P12: =CONCATENATE("this.matriz.get(",Hoja1!F9,").put(","'",Hoja1!$P$2,"',",Hoja1!P9,");") -> this.matriz.get(-1).put('k',-1);
A13: =CONCATENATE("this.estadosFinales.add(",Hoja1!B10,");") -> this.estadosFinales.add(); | C13: =Hoja1!C10 -> 7 | D13: =CONCATENATE("this.matriz.get(",Hoja1!C10,").put(","'",Hoja1!$D$2,"',",Hoja1!D10,");") -> this.matriz.get(7).put('a',-1); | E13: =CONCATENATE("this.matriz.get(",Hoja1!C10,").put(","'",Hoja1!$E$2,"',",Hoja1!E10,");") -> this.matriz.get(7).put('b',-1); | F13: =CONCATENATE("this.matriz.get(",Hoja1!C10,").put(","'",Hoja1!$F$2,"',",Hoja1!F10,");") -> this.matriz.get(7).put('c',-1); | G13: =CONCATENATE("this.matriz.get(",Hoja1!C10,").put(","'",Hoja1!$G$2,"',",Hoja1!G10,");") -> this.matriz.get(7).put('m',-1); | H13: =CONCATENATE("this.matriz.get(",Hoja1!C10,").put(","'",Hoja1!$H$2,"',",Hoja1!H10,");") -> this.matriz.get(7).put('n',-1); | I13: =CONCATENATE("this.matriz.get(",Hoja1!C10,").put(","'",Hoja1!$I$2,"',",Hoja1!I10,");") -> this.matriz.get(7).put('o',-1); | J13: =CONCATENATE("this.matriz.get(",Hoja1!C10,").put(","'",Hoja1!$J$2,"',",Hoja1!J10,");") -> this.matriz.get(7).put('p',-1); | K13: =CONCATENATE("this.matriz.get(",Hoja1!C10,").put(","'",Hoja1!$K$2,"',",Hoja1!K10,");") -> this.matriz.get(7).put('q',-1); | L13: =CONCATENATE("this.matriz.get(",Hoja1!C10,").put(","'",Hoja1!$L$2,"',",Hoja1!L10,");") -> this.matriz.get(7).put('z',-1); | M13: =CONCATENATE("this.matriz.get(",Hoja1!C10,").put(","'",Hoja1!$M$2,"',",Hoja1!M10,");") -> this.matriz.get(7).put('x',-1); | N13: =CONCATENATE("this.matriz.get(",Hoja1!D10,").put(","'",Hoja1!$N$2,"',",Hoja1!N10,");") -> this.matriz.get(-1).put('y',-1); | O13: =CONCATENATE("this.matriz.get(",Hoja1!E10,").put(","'",Hoja1!$O$2,"',",Hoja1!O10,");") -> this.matriz.get(-1).put('j',-1); | P13: =CONCATENATE("this.matriz.get(",Hoja1!F10,").put(","'",Hoja1!$P$2,"',",Hoja1!P10,");") -> this.matriz.get(-1).put('k',-1);
A14: =CONCATENATE("this.estadosFinales.add(",Hoja1!B11,");") -> this.estadosFinales.add(); | C14: =Hoja1!C11 -> 8 | D14: =CONCATENATE("this.matriz.get(",Hoja1!C11,").put(","'",Hoja1!$D$2,"',",Hoja1!D11,");") -> this.matriz.get(8).put('a',-1); | E14: =CONCATENATE("this.matriz.get(",Hoja1!C11,").put(","'",Hoja1!$E$2,"',",Hoja1!E11,");") -> this.matriz.get(8).put('b',-1); | F14: =CONCATENATE("this.matriz.get(",Hoja1!C11,").put(","'",Hoja1!$F$2,"',",Hoja1!F11,");") -> this.matriz.get(8).put('c',-1); | G14: =CONCATENATE("this.matriz.get(",Hoja1!C11,").put(","'",Hoja1!$G$2,"',",Hoja1!G11,");") -> this.matriz.get(8).put('m',-1); | H14: =CONCATENATE("this.matriz.get(",Hoja1!C11,").put(","'",Hoja1!$H$2,"',",Hoja1!H11,");") -> this.matriz.get(8).put('n',-1); | I14: =CONCATENATE("this.matriz.get(",Hoja1!C11,").put(","'",Hoja1!$I$2,"',",Hoja1!I11,");") -> this.matriz.get(8).put('o',-1); | J14: =CONCATENATE("this.matriz.get(",Hoja1!C11,").put(","'",Hoja1!$J$2,"',",Hoja1!J11,");") -> this.matriz.get(8).put('p',-1); | K14: =CONCATENATE("this.matriz.get(",Hoja1!C11,").put(","'",Hoja1!$K$2,"',",Hoja1!K11,");") -> this.matriz.get(8).put('q',-1); | L14: =CONCATENATE("this.matriz.get(",Hoja1!C11,").put(","'",Hoja1!$L$2,"',",Hoja1!L11,");") -> this.matriz.get(8).put('z',-1); | M14: =CONCATENATE("this.matriz.get(",Hoja1!C11,").put(","'",Hoja1!$M$2,"',",Hoja1!M11,");") -> this.matriz.get(8).put('x',-1); | N14: =CONCATENATE("this.matriz.get(",Hoja1!D11,").put(","'",Hoja1!$N$2,"',",Hoja1!N11,");") -> this.matriz.get(-1).put('y',-1); | O14: =CONCATENATE("this.matriz.get(",Hoja1!E11,").put(","'",Hoja1!$O$2,"',",Hoja1!O11,");") -> this.matriz.get(-1).put('j',-1); | P14: =CONCATENATE("this.matriz.get(",Hoja1!F11,").put(","'",Hoja1!$P$2,"',",Hoja1!P11,");") -> this.matriz.get(-1).put('k',-1);
A15: =CONCATENATE("this.estadosFinales.add(",Hoja1!B12,");") -> this.estadosFinales.add(); | C15: =Hoja1!C12 -> 9 | D15: =CONCATENATE("this.matriz.get(",Hoja1!C12,").put(","'",Hoja1!$D$2,"',",Hoja1!D12,");") -> this.matriz.get(9).put('a',-1); | E15: =CONCATENATE("this.matriz.get(",Hoja1!C12,").put(","'",Hoja1!$E$2,"',",Hoja1!E12,");") -> this.matriz.get(9).put('b',-1); | F15: =CONCATENATE("this.matriz.get(",Hoja1!C12,").put(","'",Hoja1!$F$2,"',",Hoja1!F12,");") -> this.matriz.get(9).put('c',-1); | G15: =CONCATENATE("this.matriz.get(",Hoja1!C12,").put(","'",Hoja1!$G$2,"',",Hoja1!G12,");") -> this.matriz.get(9).put('m',-1); | H15: =CONCATENATE("this.matriz.get(",Hoja1!C12,").put(","'",Hoja1!$H$2,"',",Hoja1!H12,");") -> this.matriz.get(9).put('n',-1); | I15: =CONCATENATE("this.matriz.get(",Hoja1!C12,").put(","'",Hoja1!$I$2,"',",Hoja1!I12,");") -> this.matriz.get(9).put('o',-1); | J15: =CONCATENATE("this.matriz.get(",Hoja1!C12,").put(","'",Hoja1!$J$2,"',",Hoja1!J12,");") -> this.matriz.get(9).put('p',-1); | K15: =CONCATENATE("this.matriz.get(",Hoja1!C12,").put(","'",Hoja1!$K$2,"',",Hoja1!K12,");") -> this.matriz.get(9).put('q',-1); | L15: =CONCATENATE("this.matriz.get(",Hoja1!C12,").put(","'",Hoja1!$L$2,"',",Hoja1!L12,");") -> this.matriz.get(9).put('z',-1); | M15: =CONCATENATE("this.matriz.get(",Hoja1!C12,").put(","'",Hoja1!$M$2,"',",Hoja1!M12,");") -> this.matriz.get(9).put('x',-1); | N15: =CONCATENATE("this.matriz.get(",Hoja1!D12,").put(","'",Hoja1!$N$2,"',",Hoja1!N12,");") -> this.matriz.get(-1).put('y',-1); | O15: =CONCATENATE("this.matriz.get(",Hoja1!E12,").put(","'",Hoja1!$O$2,"',",Hoja1!O12,");") -> this.matriz.get(-1).put('j',-1); | P15: =CONCATENATE("this.matriz.get(",Hoja1!F12,").put(","'",Hoja1!$P$2,"',",Hoja1!P12,");") -> this.matriz.get(-1).put('k',-1);
A16: =CONCATENATE("this.estadosFinales.add(",Hoja1!B13,");") -> this.estadosFinales.add(); | C16: =Hoja1!C13 -> 10 | D16: =CONCATENATE("this.matriz.get(",Hoja1!C13,").put(","'",Hoja1!$D$2,"',",Hoja1!D13,");") -> this.matriz.get(10).put('a',-1); | E16: =CONCATENATE("this.matriz.get(",Hoja1!C13,").put(","'",Hoja1!$E$2,"',",Hoja1!E13,");") -> this.matriz.get(10).put('b',-1); | F16: =CONCATENATE("this.matriz.get(",Hoja1!C13,").put(","'",Hoja1!$F$2,"',",Hoja1!F13,");") -> this.matriz.get(10).put('c',-1); | G16: =CONCATENATE("this.matriz.get(",Hoja1!C13,").put(","'",Hoja1!$G$2,"',",Hoja1!G13,");") -> this.matriz.get(10).put('m',-1); | H16: =CONCATENATE("this.matriz.get(",Hoja1!C13,").put(","'",Hoja1!$H$2,"',",Hoja1!H13,");") -> this.matriz.get(10).put('n',-1); | I16: =CONCATENATE("this.matriz.get(",Hoja1!C13,").put(","'",Hoja1!$I$2,"',",Hoja1!I13,");") -> this.matriz.get(10).put('o',-1); | J16: =CONCATENATE("this.matriz.get(",Hoja1!C13,").put(","'",Hoja1!$J$2,"',",Hoja1!J13,");") -> this.matriz.get(10).put('p',-1); | K16: =CONCATENATE("this.matriz.get(",Hoja1!C13,").put(","'",Hoja1!$K$2,"',",Hoja1!K13,");") -> this.matriz.get(10).put('q',-1); | L16: =CONCATENATE("this.matriz.get(",Hoja1!C13,").put(","'",Hoja1!$L$2,"',",Hoja1!L13,");") -> this.matriz.get(10).put('z',-1); | M16: =CONCATENATE("this.matriz.get(",Hoja1!C13,").put(","'",Hoja1!$M$2,"',",Hoja1!M13,");") -> this.matriz.get(10).put('x',-1); | N16: =CONCATENATE("this.matriz.get(",Hoja1!D13,").put(","'",Hoja1!$N$2,"',",Hoja1!N13,");") -> this.matriz.get(-1).put('y',-1); | O16: =CONCATENATE("this.matriz.get(",Hoja1!E13,").put(","'",Hoja1!$O$2,"',",Hoja1!O13,");") -> this.matriz.get(-1).put('j',-1); | P16: =CONCATENATE("this.matriz.get(",Hoja1!F13,").put(","'",Hoja1!$P$2,"',",Hoja1!P13,");") -> this.matriz.get(-1).put('k',-1);
A17: =CONCATENATE("this.estadosFinales.add(",Hoja1!B14,");") -> this.estadosFinales.add(); | C17: =Hoja1!C14 -> 11 | D17: =CONCATENATE("this.matriz.get(",Hoja1!C14,").put(","'",Hoja1!$D$2,"',",Hoja1!D14,");") -> this.matriz.get(11).put('a',-1); | E17: =CONCATENATE("this.matriz.get(",Hoja1!C14,").put(","'",Hoja1!$E$2,"',",Hoja1!E14,");") -> this.matriz.get(11).put('b',-1); | F17: =CONCATENATE("this.matriz.get(",Hoja1!C14,").put(","'",Hoja1!$F$2,"',",Hoja1!F14,");") -> this.matriz.get(11).put('c',-1); | G17: =CONCATENATE("this.matriz.get(",Hoja1!C14,").put(","'",Hoja1!$G$2,"',",Hoja1!G14,");") -> this.matriz.get(11).put('m',-1); | H17: =CONCATENATE("this.matriz.get(",Hoja1!C14,").put(","'",Hoja1!$H$2,"',",Hoja1!H14,");") -> this.matriz.get(11).put('n',-1); | I17: =CONCATENATE("this.matriz.get(",Hoja1!C14,").put(","'",Hoja1!$I$2,"',",Hoja1!I14,");") -> this.matriz.get(11).put('o',-1); | J17: =CONCATENATE("this.matriz.get(",Hoja1!C14,").put(","'",Hoja1!$J$2,"',",Hoja1!J14,");") -> this.matriz.get(11).put('p',-1); | K17: =CONCATENATE("this.matriz.get(",Hoja1!C14,").put(","'",Hoja1!$K$2,"',",Hoja1!K14,");") -> this.matriz.get(11).put('q',-1); | L17: =CONCATENATE("this.matriz.get(",Hoja1!C14,").put(","'",Hoja1!$L$2,"',",Hoja1!L14,");") -> this.matriz.get(11).put('z',-1); | M17: =CONCATENATE("this.matriz.get(",Hoja1!C14,").put(","'",Hoja1!$M$2,"',",Hoja1!M14,");") -> this.matriz.get(11).put('x',-1); | N17: =CONCATENATE("this.matriz.get(",Hoja1!D14,").put(","'",Hoja1!$N$2,"',",Hoja1!N14,");") -> this.matriz.get(-1).put('y',-1); | O17: =CONCATENATE("this.matriz.get(",Hoja1!E14,").put(","'",Hoja1!$O$2,"',",Hoja1!O14,");") -> this.matriz.get(-1).put('j',-1); | P17: =CONCATENATE("this.matriz.get(",Hoja1!F14,").put(","'",Hoja1!$P$2,"',",Hoja1!P14,");") -> this.matriz.get(-1).put('k',-1);
... A25: =CONCATENATE("this.estadosFinales.add(",Hoja1!B22,");") -> this.estadosFinales.add(); | C25: =Hoja1!C22 -> 19 | D25: =CONCATENATE("this.matriz.get(",Hoja1!C22,").put(","'",Hoja1!$D$2,"',",Hoja1!D22,");") -> this.matriz.get(19).put('a',-1); | E25: =CONCATENATE("this.matriz.get(",Hoja1!C22,").put(","'",Hoja1!$E$2,"',",Hoja1!E22,");") -> this.matriz.get(19).put('b',-1); | F25: =CONCATENATE("this.matriz.get(",Hoja1!C22,").put(","'",Hoja1!$F$2,"',",Hoja1!F22,");") -> this.matriz.get(19).put('c',-1); | G25: =CONCATENATE("this.matriz.get(",Hoja1!C22,").put(","'",Hoja1!$G$2,"',",Hoja1!G22,");") -> this.matriz.get(19).put('m',-1); | H25: =CONCATENATE("this.matriz.get(",Hoja1!C22,").put(","'",Hoja1!$H$2,"',",Hoja1!H22,");") -> this.matriz.get(19).put('n',-1); | I25: =CONCATENATE("this.matriz.get(",Hoja1!C22,").put(","'",Hoja1!$I$2,"',",Hoja1!I22,");") -> this.matriz.get(19).put('o',-1); | J25: =CONCATENATE("this.matriz.get(",Hoja1!C22,").put(","'",Hoja1!$J$2,"',",Hoja1!J22,");") -> this.matriz.get(19).put('p',-1); | K25: =CONCATENATE("this.matriz.get(",Hoja1!C22,").put(","'",Hoja1!$K$2,"',",Hoja1!K22,");") -> this.matriz.get(19).put('q',-1); | L25: =CONCATENATE("this.matriz.get(",Hoja1!C22,").put(","'",Hoja1!$L$2,"',",Hoja1!L22,");") -> this.matriz.get(19).put('z',-1); | M25: =CONCATENATE("this.matriz.get(",Hoja1!C22,").put(","'",Hoja1!$M$2,"',",Hoja1!M22,");") -> this.matriz.get(19).put('x',-1); | N25: =CONCATENATE("this.matriz.get(",Hoja1!D22,").put(","'",Hoja1!$N$2,"',",Hoja1!N22,");") -> this.matriz.get(-1).put('y',-1); | O25: =CONCATENATE("this.matriz.get(",Hoja1!E22,").put(","'",Hoja1!$O$2,"',",Hoja1!O22,");") -> this.matriz.get(-1).put('j',-1); | P25: =CONCATENATE("this.matriz.get(",Hoja1!F22,").put(","'",Hoja1!$P$2,"',",Hoja1!P22,");") -> this.matriz.get(-1).put('k',-1);
C26: =Hoja1!C23 -> 20 | D26: =CONCATENATE("this.matriz.get(",Hoja1!C23,").put(","'",Hoja1!$D$2,"',",Hoja1!D23,");") -> this.matriz.get(20).put('a',-1); | E26: =CONCATENATE("this.matriz.get(",Hoja1!C23,").put(","'",Hoja1!$E$2,"',",Hoja1!E23,");") -> this.matriz.get(20).put('b',-1); | F26: =CONCATENATE("this.matriz.get(",Hoja1!C23,").put(","'",Hoja1!$F$2,"',",Hoja1!F23,");") -> this.matriz.get(20).put('c',-1); | G26: =CONCATENATE("this.matriz.get(",Hoja1!C23,").put(","'",Hoja1!$G$2,"',",Hoja1!G23,");") -> this.matriz.get(20).put('m',-1); | H26: =CONCATENATE("this.matriz.get(",Hoja1!C23,").put(","'",Hoja1!$H$2,"',",Hoja1!H23,");") -> this.matriz.get(20).put('n',-1); | I26: =CONCATENATE("this.matriz.get(",Hoja1!C23,").put(","'",Hoja1!$I$2,"',",Hoja1!I23,");") -> this.matriz.get(20).put('o',-1); | J26: =CONCATENATE("this.matriz.get(",Hoja1!C23,").put(","'",Hoja1!$J$2,"',",Hoja1!J23,");") -> this.matriz.get(20).put('p',-1); | K26: =CONCATENATE("this.matriz.get(",Hoja1!C23,").put(","'",Hoja1!$K$2,"',",Hoja1!K23,");") -> this.matriz.get(20).put('q',-1); | L26: =CONCATENATE("this.matriz.get(",Hoja1!C23,").put(","'",Hoja1!$L$2,"',",Hoja1!L23,");") -> this.matriz.get(20).put('z',-1); | M26: =CONCATENATE("this.matriz.get(",Hoja1!C23,").put(","'",Hoja1!$M$2,"',",Hoja1!M23,");") -> this.matriz.get(20).put('x',-1); | N26: =CONCATENATE("this.matriz.get(",Hoja1!D23,").put(","'",Hoja1!$N$2,"',",Hoja1!N23,");") -> this.matriz.get(-1).put('y',-1); | O26: =CONCATENATE("this.matriz.get(",Hoja1!E23,").put(","'",Hoja1!$O$2,"',",Hoja1!O23,");") -> this.matriz.get(-1).put('j',-1); | P26: =CONCATENATE("this.matriz.get(",Hoja1!F23,").put(","'",Hoja1!$P$2,"',",Hoja1!P23,");") -> this.matriz.get(-1).put('k',-1);
C27: =CONCATENATE(Hoja1!C24)
C28: =CONCATENATE(Hoja1!C25)
C29: =CONCATENATE(Hoja1!C26)
C30: =CONCATENATE(Hoja1!C27)
C31: =CONCATENATE(Hoja1!C28)
C32: =CONCATENATE(Hoja1!C29)
C33: =CONCATENATE(Hoja1!C30)
